,danceability,energy,key,loudness,mode,speechiness,acousticness,instrumentalness,liveness,valence,tempo,id,duration_ms,time_signature,Name,Album Name,Release Date
0,0.735,0.444,10,-10.519,1,0.0684,0.204,0.0012,0.17,0.0984,97.038,4g2c7NoTWAOSYDy44l9nub,202396,4,Lavender Haze,Midnights (3am Edition),2022-10-22
1,0.658,0.378,7,-8.3,1,0.0379,0.0593,0.0,0.0976,0.0382,108.034,199E1RRrVmVTQqBXih5qRC,218271,4,Maroon,Midnights (3am Edition),2022-10-22
2,0.638,0.634,4,-6.582,1,0.0457,0.133,1.23e-06,0.152,0.519,96.953,02Zkkf2zMkwRGQjZ7T4p8f,200690,4,Anti-Hero,Midnights (3am Edition),2022-10-22
3,0.659,0.323,9,-13.425,1,0.0436,0.735,0.00321,0.116,0.154,110.007,6ADDIJxxqzM9LMpm78yzQG,256124,4,Snow On The Beach (feat. Lana Del Rey),Midnights (3am Edition),2022-10-22
4,0.694,0.38,2,-10.307,1,0.0614,0.416,8.47e-06,0.126,0.376,120.044,7gVWKBcfIW93YxNBi3ApIE,194207,4,"You're On Your Own, Kid",Midnights (3am Edition),2022-10-22
5,0.636,0.377,0,-11.721,1,0.0708,0.71,6.51e-05,0.115,0.23,139.966,6Nl7KyvjkFncGsjB49SxLl,174783,4,Midnight Rain,Midnights (3am Edition),2022-10-22
6,0.751,0.502,7,-8.777,1,0.162,0.226,0.0,0.297,0.112,108.989,6C7OF1Jal7YkyjzyUG8vkK,210557,4,Question...?,Midnights (3am Edition),2022-10-22
7,0.87,0.279,4,-11.134,0,0.364,0.16,1.74e-05,0.121,0.16,79.996,5yeuXkukVGuix3vmLu2BPJ,164801,4,Vigilante Shit,Midnights (3am Edition),2022-10-22
8,0.7,0.55,7,-9.13,1,0.0653,0.0661,0.000102,0.091,0.412,164.003,0jvo9CjnbR0lYUDTSNTMiu,194166,4,Bejeweled,Midnights (3am Edition),2022-10-22
9,0.487,0.313,0,-15.434,1,0.0487,0.791,0.348,0.124,0.141,110.039,43q586vP8gGkYypKoSddhl,247962,4,Labyrinth,Midnights (3am Edition),2022-10-22
10,0.649,0.622,8,-7.054,1,0.0582,0.074,0.0,0.594,0.106,90.024,5oqDgw5VGBln5dSIOPWyBq,204852,4,Karma,Midnights (3am Edition),2022-10-22
11,0.334,0.161,0,-14.875,1,0.0506,0.967,4.71e-05,0.115,0.396,176.747,3zmwONxswBAzGwExPugSLN,188497,4,Sweet Nothing,Midnights (3am Edition),2022-10-22
12,0.661,0.352,4,-14.077,1,0.117,0.571,0.00147,0.0884,0.13,125.934,56hioFjQ0DXrdn04hZcFgG,191039,4,Mastermind,Midnights (3am Edition),2022-10-22
13,0.573,0.741,5,-8.987,1,0.0353,0.219,2.23e-05,0.0842,0.554,96.016,3UMrglJeju5yWyYIW6o99b,240356,4,The Great War,Midnights (3am Edition),2022-10-22
14,0.422,0.235,6,-12.379,1,0.0568,0.826,0.00648,0.115,0.068,165.71,0BiqmkasE5FdrChwKfVp8X,218503,4,Bigger Than The Whole Sky,Midnights (3am Edition),2022-10-22
15,0.7,0.509,7,-10.547,1,0.0789,0.112,3.27e-05,0.137,0.345,110.947,7712gjoih4QoDbXpljEk21,196259,4,Paris,Midnights (3am Edition),2022-10-22
16,0.646,0.529,10,-10.179,1,0.0864,0.723,0.0,0.0885,0.755,87.862,5kiZGSxgqPdv6rbqL9THdd,231475,4,High Infidelity,Midnights (3am Edition),2022-10-22
17,0.675,0.466,11,-9.738,0,0.201,0.361,0.0,0.11,0.347,140.864,6wAFvJPpTZVirBKGZ4EnMW,148781,4,Glitch,Midnights (3am Edition),2022-10-22
18,0.483,0.84,7,-6.508,1,0.119,0.43,0.000575,0.146,0.55,157.979,0aV5uARAknQgYhBaK944FP,260362,4,"Would've, Could've, Should've",Midnights (3am Edition),2022-10-22
19,0.562,0.388,0,-12.088,1,0.0705,0.481,0.00145,0.117,0.159,107.747,3QF5RsWzK1lCvf2o2cY65P,225194,4,Dear Reader,Midnights (3am Edition),2022-10-22
20,0.594,0.713,9,-5.314,1,0.0503,0.000328,0.0,0.114,0.328,129.958,6lzc0Al0zfZOIFsFvBS1ki,295413,4,State Of Grace (Taylor's Version),Red (Taylor's Version),2021-11-12
21,0.516,0.777,1,-4.908,0,0.0375,0.00108,1.62e-06,0.0761,0.408,125.047,4OAuvHryIVv4kMDNSLuPt6,223093,4,Red (Taylor's Version),Red (Taylor's Version),2021-11-12
22,0.645,0.593,2,-6.506,1,0.0288,0.0344,0.000127,0.13,0.299,109.984,3S7HNKPakdwNEBFIVTL6dZ,242720,4,Treacherous (Taylor's Version),Red (Taylor's Version),2021-11-12
23,0.584,0.557,6,-6.371,1,0.0342,0.0129,0.0,0.0576,0.767,154.008,6AtZLIzUINvExIUy4QhdjP,219760,4,I Knew You Were Trouble (Taylor's Version),Red (Taylor's Version),2021-11-12
24,0.44,0.528,0,-7.809,1,0.0317,0.0171,0.00203,0.234,0.132,185.972,3nsfB1vus2qaloUdcBZvDu,329160,4,All Too Well (Taylor's Version),Red (Taylor's Version),2021-11-12
25,0.642,0.695,7,-5.62,1,0.0281,0.000443,1.02e-05,0.0753,0.642,103.984,3yII7UwgLF6K5zW3xad3MP,230960,4,22 (Taylor's Version),Red (Taylor's Version),2021-11-12
26,0.511,0.559,4,-6.587,1,0.0264,0.0167,0.0,0.113,0.248,145.88,2r9CbjYgFhtAmcFv1cSquB,244587,4,I Almost Do (Taylor's Version),Red (Taylor's Version),2021-11-12
27,0.567,0.686,7,-6.139,1,0.175,0.0317,1.86e-06,0.0732,0.716,172.014,5YqltLsjdqFtvqE7Nrysvs,193147,4,We Are Never Ever Getting Back Together (Taylor's Version),Red (Taylor's Version),2021-11-12
28,0.693,0.681,0,-7.039,1,0.025,0.0848,0.0,0.0768,0.663,100.02,7eQj6r5PIdYKEIZjucBMcq,205787,4,Stay Stay Stay (Taylor's Version),Red (Taylor's Version),2021-11-12
29,0.502,0.534,2,-5.954,1,0.0278,0.0399,0.0,0.0977,0.155,94.05,0y6kdSRCVQhSsHSpWvTUm7,299080,4,The Last Time (feat. Gary Lightbody of Snow Patrol) (Taylor’s Version),Red (Taylor's Version),2021-11-12
30,0.622,0.809,9,-5.623,1,0.0638,0.0288,0.00218,0.109,0.511,156.894,7J4b3LVCIGO4CMBDFLPoP6,202960,4,Holy Ground (Taylor's Version),Red (Taylor's Version),2021-11-12
31,0.601,0.406,7,-11.827,1,0.0275,0.622,9.19e-05,0.133,0.232,130.059,73qMN9bXy7MSPwwGfH3wQr,284773,3,Sad Beautiful Tragic (Taylor's Version),Red (Taylor's Version),2021-11-12
32,0.686,0.571,4,-7.138,1,0.05,0.066,0.0,0.0608,0.538,117.889,4e5ayHsOLJNLTGfjau2mEw,240467,4,The Lucky One (Taylor's Version),Red (Taylor's Version),2021-11-12
33,0.498,0.61,6,-5.098,1,0.0363,0.271,0.0,0.223,0.474,79.918,7qEUFOVcxRI19tbT68JcYK,245427,4,Everything Has Changed (feat. Ed Sheeran) (Taylor’s Version),Red (Taylor's Version),2021-11-12
34,0.628,0.685,4,-5.864,1,0.0358,0.00324,0.0,0.18,0.605,126.014,7A2cNLRT0YJc1yjxHlKihs,220413,4,Starlight (Taylor's Version),Red (Taylor's Version),2021-11-12
35,0.519,0.527,7,-7.673,1,0.0274,0.075,0.0,0.132,0.267,78.915,05GsNucq8Bngd9fnd4fRa0,238867,4,Begin Again (Taylor's Version),Red (Taylor's Version),2021-11-12
36,0.636,0.402,7,-7.855,1,0.031,0.0494,0.0,0.107,0.208,125.952,0NRHj8hDwwmSPaA41o379r,285280,4,The Moment I Knew (Taylor's Version),Red (Taylor's Version),2021-11-12
37,0.46,0.632,4,-6.031,1,0.0302,0.0158,0.0,0.0822,0.399,79.846,4pNApnaUWAL2J4KO2eqokq,223333,4,Come Back...Be Here (Taylor's Version),Red (Taylor's Version),2021-11-12
38,0.691,0.736,5,-6.974,1,0.0326,0.00955,1.88e-05,0.101,0.612,125.089,0DMVrlMUn01M0IcpDbwgu7,220520,4,Girl At Home (Taylor's Version),Red (Taylor's Version),2021-11-12
39,0.445,0.131,7,-13.778,1,0.0564,0.663,1.57e-06,0.108,0.101,208.918,5jAIouBES8LWMiriuNq170,321640,3,State Of Grace (Acoustic Version) (Taylor's Version),Red (Taylor's Version),2021-11-12
40,0.623,0.279,0,-10.802,1,0.031,0.661,0.0,0.193,0.38,116.04,7nWui6jiMM2m9qFmET1Mtj,264253,4,Ronan (Taylor's Version),Red (Taylor's Version),2021-11-12
41,0.473,0.579,4,-5.824,1,0.0384,0.214,0.0,0.0877,0.255,73.942,4OmFmE0fzcMG6g0Y8p4eSD,297013,4,Better Man (Taylor's Version) (From The Vault),Red (Taylor's Version),2021-11-12
42,0.606,0.377,0,-9.455,1,0.0275,0.817,0.0,0.154,0.446,101.96,01K4zKU104LyJ8gMb7227B,258813,4,Nothing New (feat. Phoebe Bridgers) (Taylor’s Version) (From The Vault),Red (Taylor's Version),2021-11-12
43,0.584,0.743,4,-7.075,1,0.0931,0.0538,2.83e-06,0.121,0.746,167.844,0v4z1tuZvn6LGknom9Qx7d,224240,4,Babe (Taylor's Version) (From The Vault),Red (Taylor's Version),2021-11-12
44,0.622,0.791,7,-6.106,1,0.0535,0.00188,3.72e-06,0.083,0.494,115.915,3z6XUommYDWPHeFhmhhT6j,225960,4,Message In A Bottle (Taylor's Version) (From The Vault),Red (Taylor's Version),2021-11-12
45,0.391,0.715,0,-4.516,1,0.0495,0.167,0.0,0.183,0.473,149.654,4CkgMiMqZ5JzW9iYXSTMTL,285107,3,I Bet You Think About Me (feat. Chris Stapleton) (Taylor’s Version) (From The Vault),Red (Taylor's Version),2021-11-12
46,0.611,0.552,7,-5.828,1,0.031,0.256,0.0,0.134,0.41,116.012,3oGVx9RBmiYGv5ZCecWLkx,263533,4,Forever Winter (Taylor's Version) (From The Vault),Red (Taylor's Version),2021-11-12
47,0.61,0.488,3,-6.918,1,0.0293,0.817,0.0,0.312,0.443,125.039,4IQkfUsrwXol38VV3U7t7T,240227,4,Run (feat. Ed Sheeran) (Taylor’s Version) (From The Vault),Red (Taylor's Version),2021-11-12
48,0.678,0.733,7,-5.025,1,0.0281,0.00115,0.0,0.104,0.581,121.009,6pYNq0ZwpPVazKzsqpf0G8,200280,4,The Very First Night (Taylor's Version) (From The Vault),Red (Taylor's Version),2021-11-12
49,0.631,0.518,0,-8.771,1,0.0303,0.274,0.0,0.088,0.205,93.023,5enxwA8aAbwZbf5qCHORXi,613027,4,All Too Well (10 Minute Version) (Taylor's Version) (From The Vault),Red (Taylor's Version),2021-11-12
50,0.569,0.741,5,-4.963,1,0.0282,0.0122,0.0,0.333,0.43,100.118,77sMIMlNaSURUAXq5coCxE,241592,4,Fearless (Taylor’s Version),Fearless (Taylor's Version),2021-04-09
51,0.559,0.646,7,-4.61,1,0.0272,0.116,0.0,0.32,0.289,95.466,2nqio0SfWg6gh2eCtfuMa5,294419,4,Fifteen (Taylor’s Version),Fearless (Taylor's Version),2021-04-09
52,0.627,0.792,2,-4.311,1,0.031,0.13,3.97e-06,0.0845,0.415,119.054,6YvqWjhGD8mB5QXcbcUKtx,235767,4,Love Story (Taylor’s Version),Fearless (Taylor's Version),2021-04-09
53,0.788,0.571,6,-6.135,1,0.0296,0.106,0.0,0.0934,0.797,115.99,550erGcdD9n6PnwxrvYqZT,254255,4,Hey Stephen (Taylor’s Version),Fearless (Taylor's Version),2021-04-09
54,0.423,0.517,0,-7.377,1,0.0486,0.369,0.0,0.177,0.366,185.262,5YL553x8sHderRBDlm3NM3,234516,4,White Horse (Taylor’s Version),Fearless (Taylor's Version),2021-04-09
55,0.632,0.773,6,-4.856,1,0.0346,0.0623,0.0,0.0885,0.474,130.033,1qrpoAMXodY6895hGKoUpA,231124,4,You Belong With Me (Taylor’s Version),Fearless (Taylor's Version),2021-04-09
56,0.506,0.626,1,-6.066,1,0.0287,0.156,0.0,0.228,0.321,148.035,7HC7R2D8WjXVcUHJyEGjRs,263377,4,Breathe (feat. Colbie Caillat) (Taylor’s Version),Fearless (Taylor's Version),2021-04-09
57,0.578,0.909,7,-3.669,1,0.0628,0.0222,0.0,0.333,0.541,100.023,0k0vFacOHNuArLWMiH60p7,200576,4,Tell Me Why (Taylor’s Version),Fearless (Taylor's Version),2021-04-09
58,0.506,0.444,6,-4.99,1,0.0285,0.0538,0.0,0.123,0.241,133.873,6iiAfo4wTA2CVC3Uwx9uh8,261843,4,You’re Not Sorry (Taylor’s Version),Fearless (Taylor's Version),2021-04-09
59,0.402,0.732,5,-4.665,1,0.0484,0.0033,0.0,0.108,0.472,161.032,22bPsP2jCgbLUvh82U0Z3M,243137,4,The Way I Loved You (Taylor’s Version),Fearless (Taylor's Version),2021-04-09
60,0.598,0.821,10,-4.433,1,0.0447,0.0231,0.0,0.143,0.673,128.03,1msEuwSBneBKpVCZQcFTsU,225328,4,Forever & Always (Taylor’s Version),Fearless (Taylor's Version),2021-04-09
61,0.642,0.576,1,-8.524,1,0.0282,0.488,0.0,0.159,0.469,125.0,6ON9UuIq49xXY9GPmHIYRp,245290,4,The Best Day (Taylor’s Version),Fearless (Taylor's Version),2021-04-09
62,0.499,0.815,5,-4.063,1,0.0341,0.000191,0.0,0.181,0.344,95.999,3ExweHKZF9B752DPQByRVT,279360,4,Change (Taylor’s Version),Fearless (Taylor's Version),2021-04-09
63,0.572,0.69,2,-6.201,1,0.0358,0.0474,0.0,0.0897,0.624,160.111,2m3ObD945KvpE5y9A1eUWm,237580,4,Jump Then Fall (Taylor’s Version),Fearless (Taylor's Version),2021-04-09
64,0.393,0.531,5,-6.112,1,0.0329,0.0181,0.0,0.169,0.224,200.391,0tQ9vBYpldCuikPsbgOVKA,312107,4,Untouchable (Taylor’s Version),Fearless (Taylor's Version),2021-04-09
65,0.546,0.273,9,-9.208,1,0.0308,0.819,0.0,0.137,0.271,118.753,01QdEx6kFr78ZejhQtWR5m,267833,4,Forever & Always (Piano Version) (Taylor’s Version),Fearless (Taylor's Version),2021-04-09
66,0.476,0.564,2,-5.677,1,0.0269,0.0406,0.0,0.102,0.167,143.929,1n2wszmJyVkw6FHqyLnQsY,237339,4,Come In With The Rain (Taylor’s Version),Fearless (Taylor's Version),2021-04-09
67,0.454,0.555,2,-6.69,1,0.0283,0.157,0.0,0.343,0.171,171.862,51A8eKvvZz9uydvIZ7xRSV,263865,4,Superstar (Taylor’s Version),Fearless (Taylor's Version),2021-04-09
68,0.432,0.873,4,-4.367,1,0.0577,0.0279,0.0,0.167,0.629,163.936,1cSFlSBdpT4F5vb1frQ231,238444,4,The Other Side Of The Door (Taylor’s Version),Fearless (Taylor's Version),2021-04-09
69,0.482,0.779,7,-5.025,1,0.0409,0.0135,0.0,0.296,0.328,158.162,2JoJrsEV15OzbijS47lids,241822,4,Today Was A Fairytale (Taylor’s Version),Fearless (Taylor's Version),2021-04-09
70,0.599,0.494,2,-7.61,1,0.0372,0.816,0.0,0.101,0.44,142.893,4CHpVfAhuxNJ3ibExe6kxO,220839,4,You All Over Me (feat. Maren Morris) (Taylor’s Version) (From The Vault),Fearless (Taylor's Version),2021-04-09
71,0.66,0.817,11,-6.269,0,0.0521,0.162,0.0,0.0667,0.714,135.942,2CYVETnhM9aytqrazYYwrK,277592,4,Mr. Perfectly Fine (Taylor’s Version) (From The Vault),Fearless (Taylor's Version),2021-04-09
72,0.609,0.373,0,-8.819,1,0.0263,0.849,0.0,0.0779,0.13,106.007,34V9RiEPe8MNdU32qJsJa1,244237,4,We Were Happy (Taylor’s Version) (From The Vault),Fearless (Taylor's Version),2021-04-09
73,0.588,0.608,5,-7.062,1,0.0365,0.225,0.0,0.092,0.508,90.201,7eResoqEJJAVTkQYSqvO3P,189496,4,That’s When (feat. Keith Urban) (Taylor’s Version) (From The Vault),Fearless (Taylor's Version),2021-04-09
74,0.563,0.473,3,-11.548,1,0.0503,0.514,1.2e-05,0.109,0.405,101.934,4uuEGH5SVuzkkSFjo2DEiY,208609,4,Don’t You (Taylor’s Version) (From The Vault),Fearless (Taylor's Version),2021-04-09
75,0.624,0.624,5,-7.86,1,0.0539,0.334,0.0,0.0995,0.527,80.132,4qUijfYU8EoIWiY6oSyrgT,242158,4,Bye Bye Baby (Taylor’s Version) (From The Vault),Fearless (Taylor's Version),2021-04-09
76,0.392,0.574,7,-9.195,1,0.17,0.833,0.00179,0.145,0.529,81.112,2gVhfX2Gy1T9kDuS9azrF7,214707,4,willow,evermore (deluxe version),2021-01-07
77,0.462,0.24,0,-12.077,1,0.0377,0.92,0.0,0.113,0.32,171.319,1gcyHQpBQ1lfXGdhZmWrHP,244000,4,champagne problems,evermore (deluxe version),2021-01-07
78,0.512,0.462,9,-10.491,1,0.0408,0.83,0.166,0.121,0.353,112.05,3Dby3p1m6IOZn2gIIqECgK,185320,4,gold rush,evermore (deluxe version),2021-01-07
79,0.575,0.434,5,-8.193,1,0.0312,0.735,6.59e-05,0.105,0.348,145.916,6sQckd3Z8NPxVVKUnavY1F,229840,4,‘tis the damn season,evermore (deluxe version),2021-01-07
80,0.316,0.361,9,-10.381,1,0.0488,0.878,2.67e-05,0.0797,0.221,74.952,6lCvK2AR2uOKkVFCVlAzzm,245440,5,tolerate it,evermore (deluxe version),2021-01-07
81,0.546,0.613,7,-7.589,0,0.0264,0.418,0.0,0.103,0.535,79.015,6uwfVkaOM1mcMkFmSn35ix,215627,4,"no body, no crime (feat. HAIM)",evermore (deluxe version),2021-01-07
82,0.559,0.334,11,-10.733,1,0.0376,0.87,0.0,0.114,0.211,122.079,55Vf4bimc1Rtfg0PAQRAo2,315147,4,happiness,evermore (deluxe version),2021-01-07
83,0.605,0.488,4,-8.322,1,0.0264,0.696,0.0,0.129,0.354,119.966,66tOfHVH3aUrscg8vExRV4,225880,4,dorothea,evermore (deluxe version),2021-01-07
84,0.537,0.537,8,-11.266,1,0.0617,0.819,0.000904,0.142,0.292,107.895,2awNGIJHodfLZSClB3PYhz,275320,4,coney island (feat. The National),evermore (deluxe version),2021-01-07
85,0.515,0.545,2,-9.277,1,0.0353,0.855,1.97e-05,0.0921,0.535,88.856,43Ykum9T72UOPhBN31grpN,260440,4,ivy,evermore (deluxe version),2021-01-07
86,0.604,0.517,0,-9.014,1,0.0347,0.768,0.000155,0.123,0.511,127.967,52OkpDsU6MmPx1AwGOb6Ap,275040,4,cowboy like me,evermore (deluxe version),2021-01-07
87,0.546,0.73,0,-7.704,1,0.0417,0.66,0.179,0.0972,0.573,157.895,5VYWxXUpxuxEmCqMLDqICo,215920,4,long story short,evermore (deluxe version),2021-01-07
88,0.535,0.561,5,-11.609,1,0.0484,0.876,0.000136,0.115,0.287,96.103,5uICWmZTLkpEVbK22PBP6e,257773,4,marjorie,evermore (deluxe version),2021-01-07
89,0.689,0.704,9,-10.813,1,0.245,0.835,4.83e-06,0.134,0.92,151.884,6a8aUhYbaQBUI8PcJ5ZmQ6,180653,5,closure,evermore (deluxe version),2021-01-07
90,0.39,0.27,1,-10.673,1,0.0308,0.937,0.00227,0.111,0.32,125.177,6Wlq9rqkxrqj5Kls4Kw14H,304107,5,evermore (feat. Bon Iver),evermore (deluxe version),2021-01-07
91,0.581,0.619,10,-6.524,1,0.0282,0.769,0.000106,0.117,0.645,137.915,3zwMVvkBe2qIKDObWgXw4N,245027,4,right where you left me - bonus track,evermore (deluxe version),2021-01-07
92,0.592,0.41,0,-12.426,1,0.0397,0.801,1.39e-05,0.09,0.416,151.923,1kdWw77ZpYOkhxeuhzU1j6,254640,4,it’s time to go - bonus track,evermore (deluxe version),2021-01-07
93,0.78,0.361,0,-6.942,1,0.048,0.75,7.14e-06,0.108,0.163,139.902,4pfrrhvplbJZAIsfosGWQP,210240,4,the 1,folklore (deluxe version),2020-08-18
94,0.612,0.58,0,-8.572,0,0.0419,0.525,0.000414,0.26,0.534,130.045,0KRYCBwIpWYFNrXOmXbyUh,239560,4,cardigan,folklore (deluxe version),2020-08-18
95,0.688,0.653,7,-8.558,1,0.0403,0.481,0.00414,0.106,0.701,147.991,2olxzvoFI9IpxqFeUv7WOX,231000,4,the last great american dynasty,folklore (deluxe version),2020-08-18
96,0.31,0.374,6,-8.464,1,0.0275,0.761,2.46e-05,0.11,0.16,75.938,5S4aYQAJOwJMAamANWlICO,285640,4,exile (feat. Bon Iver),folklore (deluxe version),2020-08-18
97,0.456,0.265,0,-10.663,1,0.0328,0.814,0.0,0.0679,0.112,129.947,5P2bHCDM2tsgIaYWsZMhu5,255893,4,my tears ricochet,folklore (deluxe version),2020-08-18
98,0.549,0.417,7,-10.064,1,0.035,0.686,1.9e-06,0.0604,0.347,110.137,2I8YAEA1VmCuP1wkJHMpTw,208973,4,mirrorball,folklore (deluxe version),2020-08-18
99,0.602,0.494,4,-10.813,1,0.0277,0.888,2.59e-05,0.0902,0.374,94.955,76mOLcXOjOEhyY4mMF1l3r,208907,4,seven,folklore (deluxe version),2020-08-18
100,0.387,0.634,5,-9.222,1,0.0363,0.553,6.93e-05,0.0931,0.42,89.567,6nK2pIKFcRc5frrZKHgsiT,261920,4,august,folklore (deluxe version),2020-08-18
101,0.511,0.478,9,-9.837,1,0.0322,0.312,2.3e-05,0.147,0.408,135.882,7cm50Lw03k6VvRauJtkyTj,195107,4,this is me trying,folklore (deluxe version),2020-08-18
102,0.529,0.304,10,-10.567,1,0.0356,0.862,0.0,0.108,0.44,119.58,6DrLROM5MG9bxWHeEG5elq,190893,4,illicit affairs,folklore (deluxe version),2020-08-18
103,0.651,0.459,4,-11.128,0,0.0507,0.859,6.63e-05,0.105,0.454,83.455,2ehRU518I0hYqMGQnk4lDY,252880,4,invisible string,folklore (deluxe version),2020-08-18
104,0.593,0.7,3,-9.016,1,0.0492,0.67,6.77e-06,0.116,0.451,141.898,0RP1kqoSPkVXsKiQNhMKzV,237267,4,mad woman,folklore (deluxe version),2020-08-18
105,0.317,0.254,1,-13.679,1,0.0286,0.727,0.000326,0.0867,0.103,93.933,1EXa37LpSvi3OQ9UYQ28rD,289747,4,epiphany,folklore (deluxe version),2020-08-18
106,0.595,0.376,0,-8.767,1,0.0256,0.589,0.0,0.0989,0.476,95.946,3IhtE4fkytdrtEfV34UzkD,294520,4,betty,folklore (deluxe version),2020-08-18
107,0.644,0.284,5,-12.879,1,0.0821,0.916,1.5e-05,0.0909,0.328,150.072,6JlI8Ay77m4nJvZTHvfT1J,234000,4,peace,folklore (deluxe version),2020-08-18
108,0.676,0.178,8,-15.01,1,0.0394,0.964,7.9e-06,0.135,0.404,118.84,0YeDG5HnKnG7jpArkzsSPa,220040,4,hoax,folklore (deluxe version),2020-08-18
109,0.313,0.258,2,-11.532,1,0.0383,0.842,1.3e-06,0.0948,0.268,179.947,0eFQWVz0qIxDOvhLpZ40P7,211813,4,the lakes - bonus track,folklore (deluxe version),2020-08-18
110,0.664,0.316,5,-10.345,1,0.519,0.298,2.03e-06,0.0812,0.541,92.875,43rA71bccXFGD4C8GOpIlN,170640,4,I Forgot That You Existed,Lover,2019-08-23
111,0.552,0.702,9,-5.707,1,0.157,0.117,2.06e-05,0.105,0.564,169.994,1BxfuPKGuaTgP7aM0Bbdwr,178427,4,Cruel Summer,Lover,2019-08-23
112,0.359,0.543,7,-7.582,1,0.0919,0.492,1.58e-05,0.118,0.453,68.534,1dGr1c8CrMLDpV6mPbImSI,221307,4,Lover,Lover,2019-08-23
113,0.777,0.658,0,-5.191,1,0.054,0.0767,0.0,0.0901,0.633,110.048,3RauEVgRgj1IuWdJ9fDs70,190360,4,The Man,Lover,2019-08-23
114,0.292,0.574,0,-9.375,1,0.0401,0.12,0.00569,0.0663,0.166,124.344,3pHkh7d0lzM2AldUtz2x37,211240,4,The Archer,Lover,2019-08-23
115,0.897,0.366,0,-8.029,1,0.0569,0.00889,0.000353,0.0715,0.416,100.003,2YWtcWi3a83pdEg3Gif4Pd,173387,4,I Think He Knows,Lover,2019-08-23
116,0.662,0.747,11,-6.926,0,0.0736,0.028,0.00615,0.138,0.487,150.088,214nt20w5wOxJnY462klLw,234147,4,Miss Americana & The Heartbreak Prince,Lover,2019-08-23
117,0.811,0.719,9,-6.553,1,0.0497,0.0129,1.36e-05,0.0742,0.865,103.979,4y5bvROuBDPr5fuwXbIBZR,222400,4,Paper Rings,Lover,2019-08-23
118,0.824,0.624,0,-9.728,1,0.0827,0.781,0.000189,0.1,0.248,102.012,12M5uqx0ZuwkpLp5rJim1a,287267,4,Cornelia Street,Lover,2019-08-23
119,0.712,0.732,4,-6.754,1,0.0629,0.454,0.0,0.319,0.313,94.071,2dgFqt3w9xIQRjhPtwNk3D,198533,4,Death By A Thousand Cuts,Lover,2019-08-23
120,0.695,0.71,1,-6.639,1,0.05,0.0246,0.000104,0.133,0.557,157.925,1LLXZFeAHK9R4xUramtUKw,190240,4,London Boy,Lover,2019-08-23
121,0.433,0.182,0,-12.566,1,0.0641,0.907,0.0,0.123,0.421,207.476,4AYtqFyFbX0Xkc2wtcygTr,201587,4,Soon You’ll Get Better (feat. The Chicks),Lover,2019-08-23
122,0.739,0.32,11,-10.862,0,0.239,0.736,0.000147,0.111,0.351,79.97,5hQSXkFgbxjZo9uCwd11so,200307,4,False God,Lover,2019-08-23
123,0.771,0.671,2,-5.617,1,0.0553,0.00929,0.0,0.0637,0.714,85.026,6RRNNciQGZEXnqk8SQ9yv5,171360,4,You Need To Calm Down,Lover,2019-08-23
124,0.756,0.449,9,-8.746,1,0.0344,0.13,0.0,0.114,0.399,111.011,1SymEzIT3H8UZfibCs3TYi,223293,4,Afterglow,Lover,2019-08-23
125,0.61,0.83,0,-4.105,1,0.0571,0.033,0.0,0.118,0.728,182.162,2Rk4JlNc2TPmZe2af99d45,193000,4,ME! (feat. Brendon Urie of Panic! At The Disco),Lover,2019-08-23
126,0.737,0.175,10,-9.912,1,0.0401,0.971,0.000337,0.171,0.545,70.008,1SmiQ65iSAbPto6gPFlBYm,150440,4,It’s Nice To Have A Friend,Lover,2019-08-23
127,0.557,0.496,0,-9.602,1,0.0563,0.808,0.000173,0.0772,0.265,149.983,1fzAuUVbzlhZ1lJAx9PtY6,293453,4,Daylight,Lover,2019-08-23
128,0.613,0.764,2,-6.509,1,0.136,0.0527,0.0,0.197,0.417,160.015,2yLa0QULdQr0qAIvVwN6B5,208187,4,...Ready For It?,reputation,2017-11-10
129,0.649,0.589,2,-6.237,1,0.0558,0.00845,0.0,0.108,0.151,159.073,2x0WlnmfG39ZuDmstl9xfX,244827,4,End Game,reputation,2017-11-10
130,0.696,0.602,0,-6.156,0,0.159,0.0679,2.11e-05,0.0696,0.305,82.989,4svZDCRz4cJoneBpjpx8DJ,238253,4,I Did Something Bad,reputation,2017-11-10
131,0.615,0.534,9,-6.719,0,0.0386,0.106,1.76e-05,0.0607,0.193,135.917,1R0a2iXumgCiFb7HEZ7gUE,236413,4,Don’t Blame Me,reputation,2017-11-10
132,0.75,0.404,9,-10.178,0,0.0682,0.216,0.000357,0.0911,0.0499,95.045,6NFyWDv5CjfwuzoCkw47Xf,232253,4,Delicate,reputation,2017-11-10
133,0.766,0.709,9,-6.471,0,0.123,0.204,1.41e-05,0.126,0.506,128.07,1P17dC1amhFzptugyAO7Il,211853,4,Look What You Made Me Do,reputation,2017-11-10
134,0.574,0.61,2,-7.283,1,0.0732,0.122,1.1e-06,0.13,0.374,74.957,5PxFv9yJEg9dxvbZggykro,227907,4,So It Goes...,reputation,2017-11-10
135,0.8,0.535,7,-6.684,1,0.135,0.0713,9.48e-06,0.213,0.451,92.027,1ZY1PqizIl78geGM4xWlEA,209680,4,Gorgeous,reputation,2017-11-10
136,0.562,0.689,2,-6.745,1,0.127,0.00465,2.23e-06,0.0888,0.351,172.054,0VE4kBnHJUgtMf0dy6DRmW,233627,4,Getaway Car,reputation,2017-11-10
137,0.675,0.703,0,-7.902,1,0.0382,0.00882,2.21e-06,0.0391,0.314,110.01,7HuBDWi18s4aJM8UFnNheH,214320,4,King Of My Heart,reputation,2017-11-10
138,0.624,0.691,0,-6.686,0,0.196,0.0604,1.1e-05,0.138,0.284,160.024,7I7JbDv63ZJJsSi24DyJrz,211507,4,Dancing With Our Hands Tied,reputation,2017-11-10
139,0.719,0.469,0,-8.792,1,0.0533,0.0329,0.0,0.169,0.0851,120.085,6oVxXO5oQ4pTpO8RSnkzvv,230373,4,Dress,reputation,2017-11-10
140,0.567,0.789,5,-5.986,1,0.115,0.0156,0.0,0.382,0.438,163.96,07NxDD1iKCHbAldceD7QLP,207133,4,This Is Why We Can't Have Nice Things,reputation,2017-11-10
141,0.598,0.504,9,-9.874,1,0.0731,0.186,0.000221,0.34,0.252,163.954,1GwMQaZz6Au3QLDbjbMdme,203507,4,Call It What You Want,reputation,2017-11-10
142,0.661,0.151,0,-12.864,1,0.0354,0.921,0.0,0.13,0.23,94.922,7F5oktn5YOsR9eR5YsFtqb,235467,4,New Year’s Day,reputation,2017-11-10
143,0.789,0.634,7,-4.762,1,0.0323,0.0348,1.64e-06,0.302,0.658,116.992,33Kq0AT5rvwyE4azisG08x,212600,4,Welcome To New York,1989 (Deluxe Edition),2014-10-27
144,0.76,0.703,5,-5.412,1,0.054,0.103,0.0,0.0913,0.57,95.997,2sC2P3BN0IXujNaaSyDmtP,231827,4,Blank Space,1989 (Deluxe Edition),2014-10-27
145,0.588,0.791,7,-5.595,1,0.0402,0.00245,0.00258,0.118,0.487,94.933,1fo2ctLqj3zBhRQKOXprol,231000,4,Style,1989 (Deluxe Edition),2014-10-27
146,0.553,0.841,7,-6.937,1,0.0396,0.000743,1.19e-05,0.341,0.338,92.008,6Nde5KuTXyB7jlPO4upaBo,235800,4,Out Of The Woods,1989 (Deluxe Edition),2014-10-27
147,0.605,0.725,5,-5.729,1,0.0323,0.00201,2.02e-05,0.101,0.539,96.97,0lmMtDQ2ElasKU2qDAE6NN,193293,4,All You Had To Do Was Stay,1989 (Deluxe Edition),2014-10-27
148,0.647,0.8,7,-5.384,1,0.165,0.0647,0.0,0.334,0.942,160.078,3fthfkkvy9av3q3uAGVf7U,219200,4,Shake It Off,1989 (Deluxe Edition),2014-10-27
149,0.653,0.893,0,-5.966,1,0.0538,0.0158,4.95e-05,0.102,0.513,118.035,1B5VzXPqMlvRw0U4HJY3dJ,207440,4,I Wish You Would,1989 (Deluxe Edition),2014-10-27
150,0.646,0.794,7,-6.104,1,0.19,0.0885,6.16e-06,0.201,0.287,170.216,0yN4fNzmVnmgC0dsOoi9Wh,211933,4,Bad Blood,1989 (Deluxe Edition),2014-10-27
151,0.55,0.688,8,-7.416,1,0.0897,0.0692,0.00144,0.106,0.465,139.997,106R7Z57WYzBAfrXImV30y,220440,4,Wildest Dreams,1989 (Deluxe Edition),2014-10-27
152,0.765,0.656,5,-6.112,1,0.0504,0.00364,0.00868,0.0918,0.545,119.997,6wfugRLamFsTRbPcCpNnP7,247533,4,How You Get The Girl,1989 (Deluxe Edition),2014-10-27
153,0.481,0.435,4,-8.795,1,0.0321,0.678,0.0,0.0928,0.107,143.95,1kTPQnabROVkW9bUXdCGrB,250093,4,This Love,1989 (Deluxe Edition),2014-10-27
154,0.602,0.755,0,-4.991,1,0.071,0.245,0.0,0.178,0.495,159.965,2zfgVd034GlUvk7LqBHl6u,195707,4,I Know Places,1989 (Deluxe Edition),2014-10-27
155,0.815,0.377,4,-7.754,1,0.0346,0.232,0.0,0.1,0.211,103.97,4bXCcoesMt8u99xMsbLr9U,271000,4,Clean,1989 (Deluxe Edition),2014-10-27
156,0.422,0.692,3,-5.447,1,0.0549,0.0493,2.57e-05,0.177,0.197,184.014,6iWMI5oOhWrDbLbjmwTWFq,245560,4,Wonderland,1989 (Deluxe Edition),2014-10-27
157,0.474,0.48,2,-8.894,1,0.0622,0.707,0.000108,0.0903,0.319,170.109,4A2LfnduSTsE8u0ecYROxE,267107,4,You Are In Love,1989 (Deluxe Edition),2014-10-27
158,0.633,0.889,5,-5.87,1,0.0715,0.00463,0.000458,0.0658,0.584,121.956,6rZVy6FIG7lSJQMFXHo12z,230467,4,New Romantics,1989 (Deluxe Edition),2014-10-27
159,0.592,0.128,9,-17.932,0,0.589,0.829,0.0,0.527,0.15,78.828,4JQm7ebhsrt10wmrP6AfXL,216333,4,I Know Places - Voice Memo,1989 (Deluxe Edition),2014-10-27
160,0.781,0.357,0,-16.394,1,0.912,0.717,0.0,0.185,0.645,118.317,4TtyvyI42C0KFnbDZvNC8Y,107133,4,I Wish You Would - Voice Memo,1989 (Deluxe Edition),2014-10-27
161,0.675,0.234,5,-15.064,0,0.721,0.801,0.0,0.657,0.578,127.296,0yisH8r0f3Mkq34kjzUlCV,131187,4,Blank Space - Voice Memo,1989 (Deluxe Edition),2014-10-27
162,0.58,0.491,0,-6.462,1,0.0251,0.575,0.0,0.121,0.425,76.009,0Om9WAB5RS09L80DyOfTNa,232107,4,Tim McGraw,Taylor Swift,2006-10-24
163,0.658,0.877,7,-2.098,1,0.0323,0.173,0.0,0.0962,0.821,105.586,32mVHdy0bi1XKgr0ajsBlG,173067,4,Picture To Burn,Taylor Swift,2006-10-24
164,0.621,0.417,10,-6.941,1,0.0231,0.288,0.0,0.119,0.289,99.953,7zMcNqs55Mxer82bvZFkpg,203040,4,Teardrops On My Guitar - Radio Single Remix,Taylor Swift,2006-10-24
165,0.576,0.777,9,-2.881,1,0.0324,0.051,0.0,0.32,0.428,115.028,73OX8GdpOeGzKC6OvGSbsv,199200,4,A Place in this World,Taylor Swift,2006-10-24
166,0.418,0.482,5,-5.769,1,0.0266,0.217,0.0,0.123,0.261,175.558,7an1exwMnfYRcdVQm0yDev,239013,4,Cold As You,Taylor Swift,2006-10-24
167,0.589,0.805,5,-4.055,1,0.0293,0.00491,0.0,0.24,0.591,112.982,2QA3IixpRcKyOdG7XDzRgv,207107,4,The Outside,Taylor Swift,2006-10-24
168,0.479,0.578,2,-4.963,1,0.0294,0.525,0.0,0.0841,0.192,146.165,6K0CJLVXqbGMeJSmJ4ENKK,248107,4,Tied Together with a Smile,Taylor Swift,2006-10-24
169,0.594,0.629,8,-4.919,1,0.0246,0.0868,0.0,0.137,0.504,131.597,2ZoOmCSgj0ypVAmGd1ve4y,236053,4,Stay Beautiful,Taylor Swift,2006-10-24
170,0.476,0.777,4,-3.771,0,0.0289,0.0103,0.0,0.196,0.472,167.964,16MVSD0mGI4RMQT83Qzm69,242200,4,Should've Said No,Taylor Swift,2006-10-24
171,0.403,0.627,2,-5.28,1,0.0292,0.0177,0.0,0.182,0.374,74.9,2QrQCMel6v2JiLxqrg4p2O,213080,4,Mary's Song (Oh My My My),Taylor Swift,2006-10-24
172,0.668,0.672,2,-4.931,1,0.0303,0.111,0.0,0.329,0.539,89.011,15DeqWWQB4dcEWzJg15VrN,201107,4,Our Song,Taylor Swift,2006-10-24
173,0.563,0.934,8,-3.629,1,0.0646,0.00452,0.000807,0.103,0.518,143.964,0JIdBrXGSJXS72zjF9ss9u,213053,4,I'm Only Me When I'm With You,Taylor Swift,2006-10-24
174,0.612,0.394,7,-5.723,1,0.0243,0.637,0.0,0.147,0.233,96.001,5OOd01o2YS1QFwdpVLds3r,203227,4,Invisible,Taylor Swift,2006-10-24
175,0.483,0.751,4,-5.726,1,0.0365,0.00349,0.0,0.128,0.268,156.092,1spLfUJxtyVyiKKTegQ2r4,220147,4,A Perfectly Good Heart,Taylor Swift,2006-10-24
176,0.459,0.753,10,-3.827,1,0.0537,0.0402,0.0,0.0863,0.483,199.997,4pJi1rVt9GNegU9kywjg4z,179067,4,Teardrops on My Guitar - Pop Version,Taylor Swift,2006-10-24
177,0.624,0.757,7,-2.94,1,0.0296,0.00265,1.87e-06,0.189,0.658,121.07,6LZaxlycSWrJZ4Volb25qx,230707,4,Mine,Speak Now (Deluxe Edition),2010-10-25
178,0.605,0.787,5,-3.002,1,0.0308,0.0396,1.42e-06,0.163,0.374,114.987,1q8E1FfFuhd12c5JcJwPxQ,260933,4,Sparks Fly,Speak Now (Deluxe Edition),2010-10-25
179,0.529,0.67,2,-4.663,1,0.0303,0.117,0.0,0.334,0.286,141.893,7lxADouiWFkwR7ZV2GKUcH,293027,4,Back To December,Speak Now (Deluxe Edition),2010-10-25
180,0.709,0.599,7,-3.734,1,0.0304,0.095,0.0,0.0973,0.735,118.975,1nYWTzy5zu3zEPNgB1sItW,240760,4,Speak Now,Speak Now (Deluxe Edition),2010-10-25
181,0.589,0.47,4,-5.32,1,0.028,0.166,1.45e-06,0.112,0.102,119.386,1ubvV5ECkm6nSI6g1HmbBK,403920,3,Dear John,Speak Now (Deluxe Edition),2010-10-25
182,0.568,0.761,4,-3.987,1,0.0459,0.452,0.0,0.217,0.789,163.974,4N60XfcTE1ysLZGbYgnYXq,237733,4,Mean,Speak Now (Deluxe Edition),2010-10-25
183,0.543,0.818,4,-3.611,1,0.0398,0.00478,0.000368,0.0357,0.683,139.898,19tHCfzUSoy5HkpxcmbA0A,265667,4,The Story Of Us,Speak Now (Deluxe Edition),2010-10-25
184,0.714,0.305,2,-8.837,1,0.0305,0.819,0.0,0.174,0.554,124.91,74WBGgUnpKrJXt6TETfR6Z,290467,4,Never Grow Up,Speak Now (Deluxe Edition),2010-10-25
185,0.455,0.623,8,-3.878,1,0.0288,0.0739,0.000424,0.146,0.208,163.893,14LtANuaslKWyYbktUrHBU,352187,4,Enchanted,Speak Now (Deluxe Edition),2010-10-25
186,0.516,0.917,11,-3.186,0,0.0827,0.0139,6.37e-06,0.36,0.635,145.821,1By2VQkUN0Frd8mKNV5NYC,217160,4,Better Than Revenge,Speak Now (Deluxe Edition),2010-10-25
187,0.552,0.608,1,-5.29,0,0.0259,0.186,0.0,0.125,0.17,134.05,3kfgJql90tzgoxByioAMXR,302253,4,Innocent,Speak Now (Deluxe Edition),2010-10-25
188,0.436,0.95,5,-2.627,1,0.057,0.0826,1.08e-06,0.149,0.352,162.088,11UaQaEp2LvdspTyyuE3ur,242080,4,Haunted,Speak Now (Deluxe Edition),2010-10-25
189,0.371,0.341,10,-9.475,1,0.0319,0.57,3.09e-05,0.101,0.196,89.038,1D27z8xNzjW0Mwwt1NCWhJ,367133,1,Last Kiss,Speak Now (Deluxe Edition),2010-10-25
190,0.418,0.68,7,-4.3,1,0.0347,0.036,7.59e-05,0.114,0.142,204.12,7DjCRhhFo9PPzca1BjMLcf,317453,4,Long Live,Speak Now (Deluxe Edition),2010-10-25
191,0.608,0.569,0,-7.227,1,0.0284,0.537,0.0,0.097,0.238,159.845,1EQn3Uc5AyUXoiPLeyCrrg,237920,4,Ours,Speak Now (Deluxe Edition),2010-10-25
192,0.511,0.719,4,-3.457,1,0.0265,0.166,4.54e-06,0.34,0.289,147.852,0vvt4IZOMkRug195S4MUq0,234547,4,If This Was A Movie,Speak Now (Deluxe Edition),2010-10-25
193,0.582,0.765,7,-3.648,1,0.0324,0.0268,1.95e-06,0.103,0.559,131.982,2R7C9dDqv1UPycvepBFziA,275960,4,Superman,Speak Now (Deluxe Edition),2010-10-25
194,0.541,0.453,2,-6.459,1,0.0266,0.748,0.0,0.2,0.377,141.757,6IH2Z54gYPLqgJtxZjX80i,292560,4,Back To December - Acoustic,Speak Now (Deluxe Edition),2010-10-25
195,0.563,0.443,5,-5.078,1,0.0247,0.842,0.0,0.293,0.313,80.962,62rlxI6g2PNaWsHoiRryto,217613,4,Haunted - Acoustic Version,Speak Now (Deluxe Edition),2010-10-25
196,0.695,0.723,7,-3.806,1,0.0285,0.00727,1.2e-06,0.1,0.679,121.011,0fAbfDiuQiUwV7FUcFfRGY,230333,4,Mine - POP Mix,Speak Now (Deluxe Edition),2010-10-25
